,Model,Score
1,<catboost.core.CatBoostClassifier object at 0x7fbca74f3e10>,1.0
2,<catboost.core.CatBoostClassifier object at 0x7fbcaaf0a790>,1.0
3,<catboost.core.CatBoostClassifier object at 0x7fbca74f3f10>,1.0
4,<catboost.core.CatBoostClassifier object at 0x7fbcaae62310>,1.0
5,<catboost.core.CatBoostClassifier object at 0x7fbca74f3c50>,1.0
6,<catboost.core.CatBoostClassifier object at 0x7fbcaaf0fad0>,1.0
7,<catboost.core.CatBoostClassifier object at 0x7fbcaac29c10>,1.0
8,<catboost.core.CatBoostClassifier object at 0x7fbcaaf0a510>,1.0
9,<catboost.core.CatBoostClassifier object at 0x7fbca74d9790>,1.0
10,<catboost.core.CatBoostClassifier object at 0x7fbcaae9d910>,1.0
11,<catboost.core.CatBoostClassifier object at 0x7fbca74f83d0>,1.0
12,<catboost.core.CatBoostClassifier object at 0x7fbcaaef9790>,1.0
13,<catboost.core.CatBoostClassifier object at 0x7fbca74f4190>,1.0
14,<catboost.core.CatBoostClassifier object at 0x7fbcaaef95d0>,1.0
15,<catboost.core.CatBoostClassifier object at 0x7fbca74f4c10>,1.0
16,<catboost.core.CatBoostClassifier object at 0x7fbcaade0fd0>,1.0
17,<catboost.core.CatBoostClassifier object at 0x7fbca74fc150>,1.0
18,<catboost.core.CatBoostClassifier object at 0x7fbca74f5290>,1.0
19,<catboost.core.CatBoostClassifier object at 0x7fbca74fc1d0>,1.0
20,<catboost.core.CatBoostClassifier object at 0x7fbcaade0b90>,1.0
21,<catboost.core.CatBoostClassifier object at 0x7fbca74f8150>,1.0
22,<catboost.core.CatBoostClassifier object at 0x7fbca74fbad0>,1.0
23,<catboost.core.CatBoostClassifier object at 0x7fbca74f6090>,1.0
24,<catboost.core.CatBoostClassifier object at 0x7fbcaac0c690>,1.0
25,<catboost.core.CatBoostClassifier object at 0x7fbca74e5090>,1.0
26,<catboost.core.CatBoostClassifier object at 0x7fbcaae8d250>,1.0
27,<catboost.core.CatBoostClassifier object at 0x7fbca7503c50>,1.0
28,<catboost.core.CatBoostClassifier object at 0x7fbca74e8c10>,1.0
29,<catboost.core.CatBoostClassifier object at 0x7fbcaae7e290>,1.0
30,<catboost.core.CatBoostClassifier object at 0x7fbcaae8b350>,1.0
31,<catboost.core.CatBoostClassifier object at 0x7fbca74f5150>,1.0
32,<catboost.core.CatBoostClassifier object at 0x7fbcaae9d810>,1.0
33,<catboost.core.CatBoostClassifier object at 0x7fbca74f6e10>,1.0
34,<catboost.core.CatBoostClassifier object at 0x7fbcaae8fed0>,1.0
35,<catboost.core.CatBoostClassifier object at 0x7fbca74f6c50>,1.0
36,<catboost.core.CatBoostClassifier object at 0x7fbcaae8ff90>,1.0
37,<catboost.core.CatBoostClassifier object at 0x7fbca74f6450>,1.0
38,<catboost.core.CatBoostClassifier object at 0x7fbcaac0ca50>,1.0
39,<catboost.core.CatBoostClassifier object at 0x7fbcaae8df50>,1.0
40,<catboost.core.CatBoostClassifier object at 0x7fbcaae8f650>,1.0
41,<catboost.core.CatBoostClassifier object at 0x7fbcaaf0a1d0>,1.0
42,<catboost.core.CatBoostClassifier object at 0x7fbca74e5a10>,1.0
43,<catboost.core.CatBoostClassifier object at 0x7fbca74f5c90>,1.0
44,<catboost.core.CatBoostClassifier object at 0x7fbcaae93790>,0.3
45,<catboost.core.CatBoostClassifier object at 0x7fbcaae53e50>,1.0
46,<catboost.core.CatBoostClassifier object at 0x7fbcaac12850>,1.0
47,<catboost.core.CatBoostClassifier object at 0x7fbca74f5d50>,1.0
48,<catboost.core.CatBoostClassifier object at 0x7fbca74d9750>,1.0
49,<catboost.core.CatBoostClassifier object at 0x7fbca74cd890>,1.0
50,<catboost.core.CatBoostClassifier object at 0x7fbca74e8f10>,1.0
51,<catboost.core.CatBoostClassifier object at 0x7fbcaac08050>,1.0
52,<catboost.core.CatBoostClassifier object at 0x7fbcaac295d0>,1.0
53,<catboost.core.CatBoostClassifier object at 0x7fbca74f5290>,1.0
54,<catboost.core.CatBoostClassifier object at 0x7fbcaae8fe10>,1.0
55,<catboost.core.CatBoostClassifier object at 0x7fbcaae96250>,1.0
56,<catboost.core.CatBoostClassifier object at 0x7fbca7490290>,1.0
57,<catboost.core.CatBoostClassifier object at 0x7fbca74e5750>,1.0
58,<catboost.core.CatBoostClassifier object at 0x7fbca74e4710>,1.0
59,<catboost.core.CatBoostClassifier object at 0x7fbca74e5c50>,1.0
60,<catboost.core.CatBoostClassifier object at 0x7fbcaac0c910>,1.0
61,<catboost.core.CatBoostClassifier object at 0x7fbca74905d0>,1.0
62,<catboost.core.CatBoostClassifier object at 0x7fbcaac0c390>,1.0
63,<catboost.core.CatBoostClassifier object at 0x7fbca74e5cd0>,1.0
64,<catboost.core.CatBoostClassifier object at 0x7fbcaac0c350>,1.0
65,<catboost.core.CatBoostClassifier object at 0x7fbcaae97390>,0.0
66,<catboost.core.CatBoostClassifier object at 0x7fbcaac30f50>,1.0
67,<catboost.core.CatBoostClassifier object at 0x7fbca74d9750>,0.0
68,<catboost.core.CatBoostClassifier object at 0x7fbca7490a90>,1.0
69,<catboost.core.CatBoostClassifier object at 0x7fbca74e5250>,0.0
70,<catboost.core.CatBoostClassifier object at 0x7fbcaac12050>,1.0
71,<catboost.core.CatBoostClassifier object at 0x7fbcaae53390>,1.0
72,<catboost.core.CatBoostClassifier object at 0x7fbcaac0c750>,1.0
73,<catboost.core.CatBoostClassifier object at 0x7fbcaae53850>,1.0
74,<catboost.core.CatBoostClassifier object at 0x7fbcaae7e110>,0.85
75,<catboost.core.CatBoostClassifier object at 0x7fbcaac12250>,1.0
76,<catboost.core.CatBoostClassifier object at 0x7fbcaaf70990>,1.0
77,<catboost.core.CatBoostClassifier object at 0x7fbca74e5b10>,1.0
78,<catboost.core.CatBoostClassifier object at 0x7fbca74e8490>,0.0
79,<catboost.core.CatBoostClassifier object at 0x7fbcaae8b150>,0.0
80,<catboost.core.CatBoostClassifier object at 0x7fbcaae53610>,1.0
81,<catboost.core.CatBoostClassifier object at 0x7fbca74f4950>,0.0
82,<catboost.core.CatBoostClassifier object at 0x7fbca74f5710>,1.0
83,<catboost.core.CatBoostClassifier object at 0x7fbcaac0b290>,1.0
84,<catboost.core.CatBoostClassifier object at 0x7fbcaac0c5d0>,1.0
85,<catboost.core.CatBoostClassifier object at 0x7fbcaac1aed0>,1.0
86,<catboost.core.CatBoostClassifier object at 0x7fbcaae8d310>,1.0
87,<catboost.core.CatBoostClassifier object at 0x7fbcaac08290>,1.0
88,<catboost.core.CatBoostClassifier object at 0x7fbcaaf0f150>,1.0
89,<catboost.core.CatBoostClassifier object at 0x7fbcaae97e10>,1.0
90,<catboost.core.CatBoostClassifier object at 0x7fbcaaef99d0>,1.0
91,<catboost.core.CatBoostClassifier object at 0x7fbca74e8e10>,0.6666666666666666
92,<catboost.core.CatBoostClassifier object at 0x7fbcaaf70bd0>,0.13043478260869565
93,<catboost.core.CatBoostClassifier object at 0x7fbcaae62210>,1.0
94,<catboost.core.CatBoostClassifier object at 0x7fbcaaef9050>,1.0
95,<catboost.core.CatBoostClassifier object at 0x7fbcaac29290>,1.0
96,<catboost.core.CatBoostClassifier object at 0x7fbcaac1a510>,1.0
97,<catboost.core.CatBoostClassifier object at 0x7fbcaae56850>,1.0
98,<catboost.core.CatBoostClassifier object at 0x7fbcaaf70c90>,1.0
99,<catboost.core.CatBoostClassifier object at 0x7fbca74e4ed0>,1.0
100,<catboost.core.CatBoostClassifier object at 0x7fbca74e55d0>,1.0
101,<catboost.core.CatBoostClassifier object at 0x7fbca74e5890>,1.0
102,<catboost.core.CatBoostClassifier object at 0x7fbcaac0ba50>,1.0
103,<catboost.core.CatBoostClassifier object at 0x7fbcaac12110>,1.0
104,<catboost.core.CatBoostClassifier object at 0x7fbcaac0b190>,0.0
105,<catboost.core.CatBoostClassifier object at 0x7fbcaae56e50>,1.0
106,<catboost.core.CatBoostClassifier object at 0x7fbcaaf0add0>,1.0
107,<catboost.core.CatBoostClassifier object at 0x7fbcaae8fe10>,1.0
108,<catboost.core.CatBoostClassifier object at 0x7fbcaac08790>,1.0
109,<catboost.core.CatBoostClassifier object at 0x7fbcaac0b410>,1.0
110,<catboost.core.CatBoostClassifier object at 0x7fbcaadde290>,1.0
111,<catboost.core.CatBoostClassifier object at 0x7fbcaae8fe10>,1.0
112,<catboost.core.CatBoostClassifier object at 0x7fbcaae8b990>,1.0
113,<catboost.core.CatBoostClassifier object at 0x7fbcaaf0f910>,1.0
114,<catboost.core.CatBoostClassifier object at 0x7fbcaaef9dd0>,1.0
115,<catboost.core.CatBoostClassifier object at 0x7fbcaac0bd50>,1.0
116,<catboost.core.CatBoostClassifier object at 0x7fbcaae8d390>,1.0
117,<catboost.core.CatBoostClassifier object at 0x7fbca74e8910>,0.0
118,<catboost.core.CatBoostClassifier object at 0x7fbca74d9150>,1.0
119,<catboost.core.CatBoostClassifier object at 0x7fbca74e8c10>,1.0
120,<catboost.core.CatBoostClassifier object at 0x7fbcaac08810>,1.0
121,<catboost.core.CatBoostClassifier object at 0x7fbcdc45f990>,0.0
122,<catboost.core.CatBoostClassifier object at 0x7fbcaac01f50>,1.0
123,<catboost.core.CatBoostClassifier object at 0x7fbcaae7e150>,1.0
124,<catboost.core.CatBoostClassifier object at 0x7fbcaaef9710>,1.0
125,<catboost.core.CatBoostClassifier object at 0x7fbca74e84d0>,1.0
126,<catboost.core.CatBoostClassifier object at 0x7fbcaac0bdd0>,1.0
127,<catboost.core.CatBoostClassifier object at 0x7fbcaaf70d50>,1.0
128,<catboost.core.CatBoostClassifier object at 0x7fbcaac0c590>,1.0
129,<catboost.core.CatBoostClassifier object at 0x7fbca74f5f10>,1.0
130,<catboost.core.CatBoostClassifier object at 0x7fbcaaf0a290>,1.0
131,<catboost.core.CatBoostClassifier object at 0x7fbca74e8a10>,1.0
132,<catboost.core.CatBoostClassifier object at 0x7fbcaac1a090>,0.9166666666666666
133,<catboost.core.CatBoostClassifier object at 0x7fbcaae8d510>,1.0
134,<catboost.core.CatBoostClassifier object at 0x7fbcaac08cd0>,1.0
135,<catboost.core.CatBoostClassifier object at 0x7fbcaae8d350>,1.0
136,<catboost.core.CatBoostClassifier object at 0x7fbcaac290d0>,0.0
137,<catboost.core.CatBoostClassifier object at 0x7fbcaaddeb90>,1.0
138,<catboost.core.CatBoostClassifier object at 0x7fbcaadb4ad0>,1.0
139,<catboost.core.CatBoostClassifier object at 0x7fbcaae56410>,1.0
140,<catboost.core.CatBoostClassifier object at 0x7fbcaae9d1d0>,0.0
141,<catboost.core.CatBoostClassifier object at 0x7fbcaadde590>,1.0
142,<catboost.core.CatBoostClassifier object at 0x7fbcaaef9610>,1.0
143,<catboost.core.CatBoostClassifier object at 0x7fbcaaddeb50>,1.0
144,<catboost.core.CatBoostClassifier object at 0x7fbcaae8f390>,1.0
145,<catboost.core.CatBoostClassifier object at 0x7fbcaae53890>,1.0
146,<catboost.core.CatBoostClassifier object at 0x7fbcaacbb610>,0.0
147,<catboost.core.CatBoostClassifier object at 0x7fbcaadde990>,1.0
148,<catboost.core.CatBoostClassifier object at 0x7fbcaac0c2d0>,0.25
149,<catboost.core.CatBoostClassifier object at 0x7fbcaae8f410>,1.0
150,<catboost.core.CatBoostClassifier object at 0x7fbcaac29a10>,1.0
151,<catboost.core.CatBoostClassifier object at 0x7fbcaadded10>,1.0
152,<catboost.core.CatBoostClassifier object at 0x7fbcaae53d10>,1.0
153,<catboost.core.CatBoostClassifier object at 0x7fbcaaddee50>,1.0
154,<catboost.core.CatBoostClassifier object at 0x7fbcaae8b750>,1.0
155,<catboost.core.CatBoostClassifier object at 0x7fbcaac124d0>,0.75
156,<catboost.core.CatBoostClassifier object at 0x7fbcaae93ad0>,1.0
157,<catboost.core.CatBoostClassifier object at 0x7fbcaae97fd0>,1.0
158,<catboost.core.CatBoostClassifier object at 0x7fbcaae8b950>,1.0
159,<catboost.core.CatBoostClassifier object at 0x7fbcaac1a450>,1.0
160,<catboost.core.CatBoostClassifier object at 0x7fbcaae8b310>,1.0
161,<catboost.core.CatBoostClassifier object at 0x7fbcbe5b4790>,1.0
162,<catboost.core.CatBoostClassifier object at 0x7fbcaae53e50>,1.0
163,<catboost.core.CatBoostClassifier object at 0x7fbcaadde250>,1.0
164,<catboost.core.CatBoostClassifier object at 0x7fbcaaf0f550>,1.0
165,<catboost.core.CatBoostClassifier object at 0x7fbcaae621d0>,1.0
166,<catboost.core.CatBoostClassifier object at 0x7fbcaaf70fd0>,1.0
167,<catboost.core.CatBoostClassifier object at 0x7fbca74e8d90>,1.0
168,<catboost.core.CatBoostClassifier object at 0x7fbcaae8b890>,1.0
169,<catboost.core.CatBoostClassifier object at 0x7fbca74e4e10>,1.0
170,<catboost.core.CatBoostClassifier object at 0x7fbcaac12450>,1.0
171,<catboost.core.CatBoostClassifier object at 0x7fbcaaddeed0>,1.0
172,<catboost.core.CatBoostClassifier object at 0x7fbcaae56cd0>,1.0
173,<catboost.core.CatBoostClassifier object at 0x7fbcaac29750>,1.0
174,<catboost.core.CatBoostClassifier object at 0x7fbcaac0cd90>,1.0
175,<catboost.core.CatBoostClassifier object at 0x7fbcaae62e10>,1.0
176,<catboost.core.CatBoostClassifier object at 0x7fbcaaf0aa90>,1.0
177,<catboost.core.CatBoostClassifier object at 0x7fbcaae8d6d0>,1.0
178,<catboost.core.CatBoostClassifier object at 0x7fbcaaef9810>,1.0
179,<catboost.core.CatBoostClassifier object at 0x7fbcaade0690>,1.0
180,<catboost.core.CatBoostClassifier object at 0x7fbcaac0c390>,1.0
181,<catboost.core.CatBoostClassifier object at 0x7fbcaae8fe10>,1.0
182,<catboost.core.CatBoostClassifier object at 0x7fbca74f5150>,1.0
183,<catboost.core.CatBoostClassifier object at 0x7fbcaae560d0>,1.0
